{
  "rouge1": 0.2827868852459016,
  "rouge2": 0.08008213552361396,
  "rougeL": 0.1290983606557377,
  "meteor": 0.2851309082704443
}